Comment,Designator,Footprint,LCSC
"ANT","A1","Resistor_SMD:R_1206_3216Metric","C127629"
"NP","C1,C2","Capacitor_SMD:C_0402_1005Metric","C106199"
"0.1u16v","C10,C11,C13,C15","Capacitor_SMD:C_0402_1005Metric","C338032"
"10u","C14","Capacitor_SMD:C_0603_1608Metric","C18800"
"10p","C3,C4,C5,C6,C7","Capacitor_SMD:C_0402_1005Metric","C106199"
"1u","C8,C12","Capacitor_SMD:C_0402_1005Metric","C106254"
"10u","C9","Capacitor_SMD:C_0402_1005Metric","C315248"
"USBLC6-2P6-TVS","D1","Package_TO_SOT_SMD:SOT-666","C2827693"
"SCH","D2","Diode_SMD:D_SOD-123F","C115330"
"USB_C_Receptacle_USB2.0","J1","Connector_USB:USB_C_Receptacle_HRO_TYPE-C-31-M-12","C2765186"
"OUTPUTSLOTS3","J10","nixiehostslot:nixiehostslot",""
"OUTPUTPINS5","J11","Connector_PinSocket_2.54mm:PinSocket_2x05_P2.54mm_Vertical_SMD","C843271"
"OUTPUTPINS4","J12","Connector_PinSocket_2.54mm:PinSocket_2x05_P2.54mm_Vertical_SMD","C843271"
"OUTPUTSLOTS5","J13","nixiehostslot:nixiehostslot",""
"OUTPUTSLOTS4","J14","nixiehostslot:nixiehostslot",""
"~","J15,J16,J17,J18","MountingHole:MountingHole_3.5mm_Pad",""
"PGM","J2","Connector_PinHeader_2.54mm:PinHeader_1x04_P2.54mm_Vertical","NP"
"OUTPUTPINS0","J3","Connector_PinSocket_2.54mm:PinSocket_2x05_P2.54mm_Vertical_SMD","C843271"
"OUTPUTPINS1","J4","Connector_PinSocket_2.54mm:PinSocket_2x05_P2.54mm_Vertical_SMD","C843271"
"OUTPUTPINS2","J5","Connector_PinSocket_2.54mm:PinSocket_2x05_P2.54mm_Vertical_SMD","C843271"
"OUTPUTPINS3","J6","Connector_PinSocket_2.54mm:PinSocket_2x05_P2.54mm_Vertical_SMD","C843271"
"OUTPUTSLOTS0","J7","nixiehostslot:nixiehostslot",""
"OUTPUTSLOTS1","J8","nixiehostslot:nixiehostslot",""
"OUTPUTSLOTS2","J9","nixiehostslot:nixiehostslot",""
"6.8nH","L1","Inductor_SMD:L_0402_1005Metric","C77110"
"5.1k","R1,R6,R9,R10","Resistor_SMD:R_0402_1005Metric","C105872"
"10k","R2,R3,R4,R5,R11,R12","Resistor_SMD:R_0402_1005Metric","C25086"
"22","R7,R8","Resistor_SMD:R_0402_1005Metric","C25092"
"TS-1187A-B-A-B","SW1","Button_Switch_SMD:SW_SPST_TL3342","C318884"
"TOUCH","T1,T2,T3,T4,T5,T6","TouchPadTest:TouchExposed6",""
"ESP32-S2","U1","localparts:ESP32S2","C2840995"
"ME6206A36M3G","U2","Package_TO_SOT_SMD:SOT-23","C236698"
"40MHz","Y1","Crystal:Crystal_SMD_2016-4Pin_2.0x1.6mm","C648970"
"32.786k","Y2","Crystal:Crystal_SMD_2012-2Pin_2.0x1.2mm","C99009"